{"origin": "roomframe", "id": "3.0_3.0_14", "bbox": {"min": [0, 0, 0], "max": [3.0, 3, 3.0]}, "up": [0, 1, 0], "front": [0, 0, 1], "rooms": [{"id": "3.0_3.0_14_0", "modelId": "Bathroom-6473", "roomTypes": ["Bathroom"], "bbox": {"min": [0, 0, 0], "max": [3.0, 3, 3.0]}, "origin": "roomframe", "roomId": 0, "roomShape": [[0.0, 0.0], [3.0, 0.0], [3.0, 3.0], [0.0, 3.0]], "roomNorm": [[6.123233995736766e-17, 1.0], [-1.0, 6.123233995736766e-17], [-6.123233995736766e-17, -1.0], [1.0, -6.123233995736766e-17]], "roomOrient": [0.0, -1.5707963267948966, 3.141592653589793, 1.5707963267948966], "roomShapeBBox": {"min": [0, 0], "max": [3.0, 3.0]}, "objList": [{"modelId": "noUse", "roomId": 0, "scale": [1, 1, 1], "orient": 0, "rotate": [0, 0, 0], "key": "Window", "translate": [0, 0, 0], "bbox": {"min": [1.4000000000000004, 0.8, -0.12], "max": [2.4000000000000004, 2.2, 0.0]}, "inDatabase": false, "format": "Window", "coarseSemantic": "Window"}, {"modelId": "noUse", "roomId": 0, "scale": [1, 1, 1], "orient": 0, "rotate": [0, 0, 0], "key": "Door", "translate": [0, 0, 0], "bbox": {"min": [3.0, 0, 0.4], "max": [3.12, 2.2, 1.2000000000000002]}, "inDatabase": false, "format": "Door", "coarseSemantic": "Door"}, {"modelId": "noUse", "roomId": 0, "scale": [1, 1, 1], "orient": 0, "rotate": [0, 0, 0], "key": "Door", "translate": [0, 0, 0], "bbox": {"min": [0.7999999999999998, 0, 3.0], "max": [2.4000000000000004, 2.2, 3.1200000000000006]}, "inDatabase": false, "format": "Door", "coarseSemantic": "Door"}], "blockList": [{"modelId": "noUse", "roomId": 0, "scale": [1, 1, 1], "orient": 0, "rotate": [0, 0, 0], "key": "Window", "translate": [0, 0, 0], "bbox": {"min": [1.4000000000000004, 0.8, -0.12], "max": [2.4000000000000004, 2.2, 0.0]}, "inDatabase": false, "format": "Window", "coarseSemantic": "Window"}, {"modelId": "noUse", "roomId": 0, "scale": [1, 1, 1], "orient": 0, "rotate": [0, 0, 0], "key": "Door", "translate": [0, 0, 0], "bbox": {"min": [3.0, 0, 0.4], "max": [3.12, 2.2, 1.2000000000000002]}, "inDatabase": false, "format": "Door", "coarseSemantic": "Door"}, {"modelId": "noUse", "roomId": 0, "scale": [1, 1, 1], "orient": 0, "rotate": [0, 0, 0], "key": "Door", "translate": [0, 0, 0], "bbox": {"min": [0.7999999999999998, 0, 3.0], "max": [2.4000000000000004, 2.2, 3.1200000000000006]}, "inDatabase": false, "format": "Door", "coarseSemantic": "Door"}]}], "PerspectiveCamera": {"fov": 75, "focalLength": 35, "rotate": [-1.5707963267948966, 0, 0], "up": [0, 0, -1], "roomId": 0, "target": [1.5, 0, 1.5], "origin": [1.5, 3.9000000000000004, 1.5]}, "canvas": {"width": 1000, "height": 1000}}