{"origin": "roomframe", "id": "3.5_3.0_57", "bbox": {"min": [0, 0, 0], "max": [3.5, 3, 3.0]}, "up": [0, 1, 0], "front": [0, 0, 1], "rooms": [{"id": "3.5_3.0_57_0", "modelId": "Bathroom-6473", "roomTypes": ["Bathroom"], "bbox": {"min": [0, 0, 0], "max": [3.5, 3, 3.0]}, "origin": "roomframe", "roomId": 0, "roomShape": [[0.0, 0.0], [3.5, 0.0], [3.5, 3.0], [0.0, 3.0]], "roomNorm": [[6.123233995736766e-17, 1.0], [-1.0, 6.123233995736766e-17], [-6.123233995736766e-17, -1.0], [1.0, -6.123233995736766e-17]], "roomOrient": [0.0, -1.5707963267948966, 3.141592653589793, 1.5707963267948966], "roomShapeBBox": {"min": [0, 0], "max": [3.5, 3.0]}, "objList": [{"modelId": "noUse", "roomId": 0, "scale": [1, 1, 1], "orient": 0, "rotate": [0, 0, 0], "key": "Door", "translate": [0, 0, 0], "bbox": {"min": [1.4499999999999997, 0, 3.0], "max": [3.05, 2.2, 3.1200000000000006]}, "inDatabase": false, "format": "Door", "coarseSemantic": "Door"}, {"modelId": "noUse", "roomId": 0, "scale": [1, 1, 1], "orient": 0, "rotate": [0, 0, 0], "key": "Window", "translate": [0, 0, 0], "bbox": {"min": [-0.12000000000000029, 0.8, 1.4], "max": [-1.102182119232618e-16, 2.2, 2.4]}, "inDatabase": false, "format": "Window", "coarseSemantic": "Window"}], "blockList": [{"modelId": "noUse", "roomId": 0, "scale": [1, 1, 1], "orient": 0, "rotate": [0, 0, 0], "key": "Door", "translate": [0, 0, 0], "bbox": {"min": [1.4499999999999997, 0, 3.0], "max": [3.05, 2.2, 3.1200000000000006]}, "inDatabase": false, "format": "Door", "coarseSemantic": "Door"}, {"modelId": "noUse", "roomId": 0, "scale": [1, 1, 1], "orient": 0, "rotate": [0, 0, 0], "key": "Window", "translate": [0, 0, 0], "bbox": {"min": [-0.12000000000000029, 0.8, 1.4], "max": [-1.102182119232618e-16, 2.2, 2.4]}, "inDatabase": false, "format": "Window", "coarseSemantic": "Window"}]}], "PerspectiveCamera": {"fov": 75, "focalLength": 35, "rotate": [-1.5707963267948966, 0, 0], "up": [0, 0, -1], "roomId": 0, "target": [1.75, 0, 1.5], "origin": [1.75, 3.9000000000000004, 1.5]}, "canvas": {"width": 1000, "height": 857}}