{"origin": "roomframe", "id": "4.0_3.0_38", "bbox": {"min": [0, 0, 0], "max": [4.0, 3, 3.0]}, "up": [0, 1, 0], "front": [0, 0, 1], "rooms": [{"id": "4.0_3.0_38_0", "modelId": "Bathroom-6473", "roomTypes": ["Bathroom"], "bbox": {"min": [0, 0, 0], "max": [4.0, 3, 3.0]}, "origin": "roomframe", "roomId": 0, "roomShape": [[0.0, 0.0], [4.0, 0.0], [4.0, 3.0], [0.0, 3.0]], "roomNorm": [[6.123233995736766e-17, 1.0], [-1.0, 6.123233995736766e-17], [-6.123233995736766e-17, -1.0], [1.0, -6.123233995736766e-17]], "roomOrient": [0.0, -1.5707963267948966, 3.141592653589793, 1.5707963267948966], "roomShapeBBox": {"min": [0, 0], "max": [4.0, 3.0]}, "objList": [{"modelId": "noUse", "roomId": 0, "scale": [1, 1, 1], "orient": 0, "rotate": [0, 0, 0], "key": "Window", "translate": [0, 0, 0], "bbox": {"min": [1.0, 0.8, -0.12], "max": [3.0, 2.2, 0.0]}, "inDatabase": false, "format": "Window", "coarseSemantic": "Window"}, {"modelId": "noUse", "roomId": 0, "scale": [1, 1, 1], "orient": 0, "rotate": [0, 0, 0], "key": "Window", "translate": [0, 0, 0], "bbox": {"min": [4.0, 0.8, 1.4000000000000004], "max": [4.12, 2.2, 2.4000000000000004]}, "inDatabase": false, "format": "Window", "coarseSemantic": "Window"}, {"modelId": "noUse", "roomId": 0, "scale": [1, 1, 1], "orient": 0, "rotate": [0, 0, 0], "key": "Door", "translate": [0, 0, 0], "bbox": {"min": [2.7, 0, 3.0], "max": [3.5, 2.2, 3.12]}, "inDatabase": false, "format": "Door", "coarseSemantic": "Door"}, {"modelId": "noUse", "roomId": 0, "scale": [1, 1, 1], "orient": 0, "rotate": [0, 0, 0], "key": "Window", "translate": [0, 0, 0], "bbox": {"min": [-0.12000000000000036, 0.8, 1.0], "max": [-1.8369701987210297e-16, 2.2, 2.0]}, "inDatabase": false, "format": "Window", "coarseSemantic": "Window"}], "blockList": [{"modelId": "noUse", "roomId": 0, "scale": [1, 1, 1], "orient": 0, "rotate": [0, 0, 0], "key": "Window", "translate": [0, 0, 0], "bbox": {"min": [1.0, 0.8, -0.12], "max": [3.0, 2.2, 0.0]}, "inDatabase": false, "format": "Window", "coarseSemantic": "Window"}, {"modelId": "noUse", "roomId": 0, "scale": [1, 1, 1], "orient": 0, "rotate": [0, 0, 0], "key": "Window", "translate": [0, 0, 0], "bbox": {"min": [4.0, 0.8, 1.4000000000000004], "max": [4.12, 2.2, 2.4000000000000004]}, "inDatabase": false, "format": "Window", "coarseSemantic": "Window"}, {"modelId": "noUse", "roomId": 0, "scale": [1, 1, 1], "orient": 0, "rotate": [0, 0, 0], "key": "Door", "translate": [0, 0, 0], "bbox": {"min": [2.7, 0, 3.0], "max": [3.5, 2.2, 3.12]}, "inDatabase": false, "format": "Door", "coarseSemantic": "Door"}, {"modelId": "noUse", "roomId": 0, "scale": [1, 1, 1], "orient": 0, "rotate": [0, 0, 0], "key": "Window", "translate": [0, 0, 0], "bbox": {"min": [-0.12000000000000036, 0.8, 1.0], "max": [-1.8369701987210297e-16, 2.2, 2.0]}, "inDatabase": false, "format": "Window", "coarseSemantic": "Window"}]}], "PerspectiveCamera": {"fov": 75, "focalLength": 35, "rotate": [-1.5707963267948966, 0, 0], "up": [0, 0, -1], "roomId": 0, "target": [2.0, 0, 1.5], "origin": [2.0, 3.9000000000000004, 1.5]}, "canvas": {"width": 1000, "height": 750}}