{"origin": "roomframe", "id": "4.0_3.5_67", "bbox": {"min": [0, 0, 0], "max": [4.0, 3, 3.5]}, "up": [0, 1, 0], "front": [0, 0, 1], "rooms": [{"id": "4.0_3.5_67_0", "modelId": "Bathroom-6473", "roomTypes": ["Bathroom"], "bbox": {"min": [0, 0, 0], "max": [4.0, 3, 3.5]}, "origin": "roomframe", "roomId": 0, "roomShape": [[0.0, 0.0], [4.0, 0.0], [4.0, 3.5], [0.0, 3.5]], "roomNorm": [[6.123233995736766e-17, 1.0], [-1.0, 6.123233995736766e-17], [-6.123233995736766e-17, -1.0], [1.0, -6.123233995736766e-17]], "roomOrient": [0.0, -1.5707963267948966, 3.141592653589793, 1.5707963267948966], "roomShapeBBox": {"min": [0, 0], "max": [4.0, 3.5]}, "objList": [{"modelId": "noUse", "roomId": 0, "scale": [1, 1, 1], "orient": 0, "rotate": [0, 0, 0], "key": "Door", "translate": [0, 0, 0], "bbox": {"min": [1.8999999999999995, 0, 3.5], "max": [3.5, 2.2, 3.6200000000000006]}, "inDatabase": false, "format": "Door", "coarseSemantic": "Door"}, {"modelId": "noUse", "roomId": 0, "scale": [1, 1, 1], "orient": 0, "rotate": [0, 0, 0], "key": "Window", "translate": [0, 0, 0], "bbox": {"min": [-0.12000000000000025, 0.8, 2.125], "max": [-6.888638245203862e-17, 2.2, 3.125]}, "inDatabase": false, "format": "Window", "coarseSemantic": "Window"}, {"modelId": "noUse", "roomId": 0, "scale": [1, 1, 1], "orient": 0, "rotate": [0, 0, 0], "key": "Window", "translate": [0, 0, 0], "bbox": {"min": [-0.12000000000000056, 0.8, 0.375], "max": [-3.9035616722821883e-16, 2.2, 1.375]}, "inDatabase": false, "format": "Window", "coarseSemantic": "Window"}], "blockList": [{"modelId": "noUse", "roomId": 0, "scale": [1, 1, 1], "orient": 0, "rotate": [0, 0, 0], "key": "Door", "translate": [0, 0, 0], "bbox": {"min": [1.8999999999999995, 0, 3.5], "max": [3.5, 2.2, 3.6200000000000006]}, "inDatabase": false, "format": "Door", "coarseSemantic": "Door"}, {"modelId": "noUse", "roomId": 0, "scale": [1, 1, 1], "orient": 0, "rotate": [0, 0, 0], "key": "Window", "translate": [0, 0, 0], "bbox": {"min": [-0.12000000000000025, 0.8, 2.125], "max": [-6.888638245203862e-17, 2.2, 3.125]}, "inDatabase": false, "format": "Window", "coarseSemantic": "Window"}, {"modelId": "noUse", "roomId": 0, "scale": [1, 1, 1], "orient": 0, "rotate": [0, 0, 0], "key": "Window", "translate": [0, 0, 0], "bbox": {"min": [-0.12000000000000056, 0.8, 0.375], "max": [-3.9035616722821883e-16, 2.2, 1.375]}, "inDatabase": false, "format": "Window", "coarseSemantic": "Window"}]}], "PerspectiveCamera": {"fov": 75, "focalLength": 35, "rotate": [-1.5707963267948966, 0, 0], "up": [0, 0, -1], "roomId": 0, "target": [2.0, 0, 1.75], "origin": [2.0, 4.55, 1.75]}, "canvas": {"width": 1000, "height": 875}}