{"origin": "roomframe", "id": "3.5_3.5_11", "bbox": {"min": [0, 0, 0], "max": [3.5, 3, 3.5]}, "up": [0, 1, 0], "front": [0, 0, 1], "rooms": [{"id": "3.5_3.5_11_0", "modelId": "Bathroom-6473", "roomTypes": ["Bathroom"], "bbox": {"min": [0, 0, 0], "max": [3.5, 3, 3.5]}, "origin": "roomframe", "roomId": 0, "roomShape": [[0.0, 0.0], [3.5, 0.0], [3.5, 3.5], [0.0, 3.5]], "roomNorm": [[6.123233995736766e-17, 1.0], [-1.0, 6.123233995736766e-17], [-6.123233995736766e-17, -1.0], [1.0, -6.123233995736766e-17]], "roomOrient": [0.0, -1.5707963267948966, 3.141592653589793, 1.5707963267948966], "roomShapeBBox": {"min": [0, 0], "max": [3.5, 3.5]}, "objList": [{"modelId": "noUse", "roomId": 0, "scale": [1, 1, 1], "orient": 0, "rotate": [0, 0, 0], "key": "Window", "translate": [0, 0, 0], "bbox": {"min": [1.25, 0.8, -0.12], "max": [2.25, 2.2, 0.0]}, "inDatabase": false, "format": "Window", "coarseSemantic": "Window"}, {"modelId": "noUse", "roomId": 0, "scale": [1, 1, 1], "orient": 0, "rotate": [0, 0, 0], "key": "Door", "translate": [0, 0, 0], "bbox": {"min": [3.5, 0, 0.4500000000000002], "max": [3.62, 2.2, 2.0500000000000003]}, "inDatabase": false, "format": "Door", "coarseSemantic": "Door"}, {"modelId": "noUse", "roomId": 0, "scale": [1, 1, 1], "orient": 0, "rotate": [0, 0, 0], "key": "Window", "translate": [0, 0, 0], "bbox": {"min": [-0.12000000000000031, 0.8, 1.7999999999999998], "max": [-1.2858791391047212e-16, 2.2, 2.8]}, "inDatabase": false, "format": "Window", "coarseSemantic": "Window"}], "blockList": [{"modelId": "noUse", "roomId": 0, "scale": [1, 1, 1], "orient": 0, "rotate": [0, 0, 0], "key": "Window", "translate": [0, 0, 0], "bbox": {"min": [1.25, 0.8, -0.12], "max": [2.25, 2.2, 0.0]}, "inDatabase": false, "format": "Window", "coarseSemantic": "Window"}, {"modelId": "noUse", "roomId": 0, "scale": [1, 1, 1], "orient": 0, "rotate": [0, 0, 0], "key": "Door", "translate": [0, 0, 0], "bbox": {"min": [3.5, 0, 0.4500000000000002], "max": [3.62, 2.2, 2.0500000000000003]}, "inDatabase": false, "format": "Door", "coarseSemantic": "Door"}, {"modelId": "noUse", "roomId": 0, "scale": [1, 1, 1], "orient": 0, "rotate": [0, 0, 0], "key": "Window", "translate": [0, 0, 0], "bbox": {"min": [-0.12000000000000031, 0.8, 1.7999999999999998], "max": [-1.2858791391047212e-16, 2.2, 2.8]}, "inDatabase": false, "format": "Window", "coarseSemantic": "Window"}]}], "PerspectiveCamera": {"fov": 75, "focalLength": 35, "rotate": [-1.5707963267948966, 0, 0], "up": [0, 0, -1], "roomId": 0, "target": [1.75, 0, 1.75], "origin": [1.75, 4.55, 1.75]}, "canvas": {"width": 1000, "height": 1000}}