{"origin": "roomframe", "id": "4.0_3.5_30", "bbox": {"min": [0, 0, 0], "max": [4.0, 3, 3.5]}, "up": [0, 1, 0], "front": [0, 0, 1], "rooms": [{"id": "4.0_3.5_30_0", "modelId": "Bathroom-6473", "roomTypes": ["Bathroom"], "bbox": {"min": [0, 0, 0], "max": [4.0, 3, 3.5]}, "origin": "roomframe", "roomId": 0, "roomShape": [[0.0, 0.0], [4.0, 0.0], [4.0, 3.5], [0.0, 3.5]], "roomNorm": [[6.123233995736766e-17, 1.0], [-1.0, 6.123233995736766e-17], [-6.123233995736766e-17, -1.0], [1.0, -6.123233995736766e-17]], "roomOrient": [0.0, -1.5707963267948966, 3.141592653589793, 1.5707963267948966], "roomShapeBBox": {"min": [0, 0], "max": [4.0, 3.5]}, "objList": [{"modelId": "noUse", "roomId": 0, "scale": [1, 1, 1], "orient": 0, "rotate": [0, 0, 0], "key": "Window", "translate": [0, 0, 0], "bbox": {"min": [0.5, 0.8, -0.12], "max": [1.5, 2.2, 0.0]}, "inDatabase": false, "format": "Window", "coarseSemantic": "Window"}, {"modelId": "noUse", "roomId": 0, "scale": [1, 1, 1], "orient": 0, "rotate": [0, 0, 0], "key": "Window", "translate": [0, 0, 0], "bbox": {"min": [2.5, 0.8, -0.12], "max": [3.5, 2.2, 0.0]}, "inDatabase": false, "format": "Window", "coarseSemantic": "Window"}, {"modelId": "noUse", "roomId": 0, "scale": [1, 1, 1], "orient": 0, "rotate": [0, 0, 0], "key": "Window", "translate": [0, 0, 0], "bbox": {"min": [4.0, 0.8, 0.7000000000000002], "max": [4.12, 2.2, 1.7000000000000002]}, "inDatabase": false, "format": "Window", "coarseSemantic": "Window"}, {"modelId": "noUse", "roomId": 0, "scale": [1, 1, 1], "orient": 0, "rotate": [0, 0, 0], "key": "Door", "translate": [0, 0, 0], "bbox": {"min": [-0.12000000000000037, 0, 1.4499999999999997], "max": [-8.266365894244637e-17, 2.2, 3.05]}, "inDatabase": false, "format": "Door", "coarseSemantic": "Door"}], "blockList": [{"modelId": "noUse", "roomId": 0, "scale": [1, 1, 1], "orient": 0, "rotate": [0, 0, 0], "key": "Window", "translate": [0, 0, 0], "bbox": {"min": [0.5, 0.8, -0.12], "max": [1.5, 2.2, 0.0]}, "inDatabase": false, "format": "Window", "coarseSemantic": "Window"}, {"modelId": "noUse", "roomId": 0, "scale": [1, 1, 1], "orient": 0, "rotate": [0, 0, 0], "key": "Window", "translate": [0, 0, 0], "bbox": {"min": [2.5, 0.8, -0.12], "max": [3.5, 2.2, 0.0]}, "inDatabase": false, "format": "Window", "coarseSemantic": "Window"}, {"modelId": "noUse", "roomId": 0, "scale": [1, 1, 1], "orient": 0, "rotate": [0, 0, 0], "key": "Window", "translate": [0, 0, 0], "bbox": {"min": [4.0, 0.8, 0.7000000000000002], "max": [4.12, 2.2, 1.7000000000000002]}, "inDatabase": false, "format": "Window", "coarseSemantic": "Window"}, {"modelId": "noUse", "roomId": 0, "scale": [1, 1, 1], "orient": 0, "rotate": [0, 0, 0], "key": "Door", "translate": [0, 0, 0], "bbox": {"min": [-0.12000000000000037, 0, 1.4499999999999997], "max": [-8.266365894244637e-17, 2.2, 3.05]}, "inDatabase": false, "format": "Door", "coarseSemantic": "Door"}]}], "PerspectiveCamera": {"fov": 75, "focalLength": 35, "rotate": [-1.5707963267948966, 0, 0], "up": [0, 0, -1], "roomId": 0, "target": [2.0, 0, 1.75], "origin": [2.0, 4.55, 1.75]}, "canvas": {"width": 1000, "height": 875}}